id,domain
1561,6opo.com
2553,6qdgn5ym.com
4121,6sc.co
8273,69shuba.com
9581,69shuba.tw
9946,678bd44.com
10102,66lottery.vip
11117,6ctuslwqz.com
12572,61yes.com
13435,6chcdn.com
13723,6sense.com
13778,6-q-r-s.com
13934,64.in-addr.arpa
14752,6p71hs.top
16933,6connect.com
17776,63.in-addr.arpa
17942,6abc.com
22386,6677g.com
22417,6pm.com
22797,63cj.com
23091,69.in-addr.arpa
23270,6tubsexer.com
23381,699pic.com
23456,6dngine.com
24025,6cloud.fr
25519,65.in-addr.arpa
25761,66law.cn
28913,60ah.com
29313,608644.xyz
29334,68920759.xyz
29341,6763816.xyz
29344,608564.xyz
29359,648422300.xyz
29363,606403751.xyz
29372,60310248.xyz
29378,6508765.xyz
29383,6278159.xyz
29402,68765496.xyz
31916,68.in-addr.arpa
32857,66yahoo.com
34143,64365.com
35604,66.in-addr.arpa
45526,6ahddutb1ucc3cp.ru
47921,6gamehub.com
48061,6te.net
53001,62.in-addr.arpa
53924,66.ru
54204,63pokupki.ru
55262,6play.fr
58625,6tip.com
58848,6amcity.com
61326,67.in-addr.arpa
65930,6xiq22.top
67641,6by30.com
69013,6.cn
70914,69ku.com
73899,634.tv
75609,6annonce.net
76828,66wz.com
81941,69vj.com
82657,63.ru
82819,66mobi.com
83421,607m.casino
83780,6xclassroom.io
84462,66zz.net
84463,6777bdt3.com
84892,6mostplay.com
87776,617bet2.com
87912,688v.mobi
88156,688v.run
88527,666p999.com
88528,69vn.org
88529,69yed.com
89637,65x.cash
89784,688v.social
91581,6sei.net
91855,61saat.com
92048,6dbklefz.com
92541,64bis.com
92542,65slot.co
92543,663bet.co
92544,66pagcor.vip
92545,6hnp2usx.com
96349,6rguyesfdhvbz.uk
98732,60millions-mag.com
102154,6thstreet.com
102943,6sqft.com
103607,6dbe0a0f8a0b76db.com
103866,68w6.net
105718,6yka.com
109125,668-010.ru
109972,6speedonline.com
110633,66.cn
110878,66mi.com
111209,6tk10.com
114526,6t5t.com
115130,6pp01.com
116353,6223027.com
118534,6pp19.com
118956,65bmw.com
118957,65sport.live
118958,6jue288u.com
118959,6k1s7a.com
118960,6rvy1uz7.com
120650,6klabs.com
120872,60500.ru
121649,66north.com
121907,6sa.cc
121911,6f.sk
122499,6btgmhnn.com
123286,67yo.net
123826,6deng.cn
124346,66173.cn
124429,6profis.de
126187,6-k-l-m.com
126258,65ymas.com
127162,68edu.ru
127291,66img.cc
131058,688vmlxg.com
131312,6wresearch.com
132151,66zhaosheng.com
135356,62arena.com
135357,688xt.vip
136783,66tutup.com
137268,66viptaka.com
137764,67n05.com
138323,606pc.com
138910,67speed.com
140028,6686sb.com
141900,601m.casino
142238,6qf3dilhiv9d.cc
142401,62tea.cn
143749,6dqtl974.com
144378,66666.host
144379,666666.host
145305,6post.com
147388,66uy88.com
149311,66rt.com
150407,6giay.vn
152126,609m.casino
152497,67fan.com
153497,602m.buzz
155821,603m.buzz
157934,622x.casino
159566,6688867.com
161889,613tube.com
164557,61.in-addr.arpa
164610,611m.casino
166426,60dnsapp.com
166742,6599cdnkzt.com
168193,615f.casino
171091,615h.casino
171737,680news.com
171846,616pic.com
172418,6-n-a-g.com
173871,6fast.com
174114,633d7wp.com
174237,6zv5h6l.com
176902,6719287.com
179675,6ad2dr.com
181947,69host.cc
182887,6221.casino
183018,6tcrfeevqmqz.net
183038,6cmdey0q.com
183812,67hailhail.com
185136,604m.lol
190042,61.com
190172,69b31e7623.com
190316,6699.jp
192708,6mal5.com
196193,6d30803f5f.com
197103,69v.top
197262,66466.casino
197455,63rt.online
197462,65x.la
198610,6502.org
198894,60gea.com
199317,676bet02.com
199710,6bsgvi.com
199711,6sxb4j.com
202461,617bet3.com
202704,62domain.com
202793,66ggv1.com
202794,673304.com
202795,6j9a7.com
202796,6r29r.com
205530,602m.team
205769,69vnv.com
205794,6fdwi.com
205856,6733yy.com
206302,616bet02.com
206886,6clones.net
207048,6821673.com
207117,6734876.com
208190,6523145.com
208394,64275361.com
208962,6615bh5.com
208963,67f10.com
209031,67f003.com
209518,66ghz.com
209520,67-72chevytrucks.com
209554,63yagc.com
209835,630038949.com
210450,648bhu.com
210451,6615ch5.com
210452,666d.app
210453,688vaa88.com
211408,605m.casino
212655,6855.org
212656,6kvideobit.com
213235,611219.shop
213622,6c77d90eb7.com
214061,6232aa429a.com
215146,6000a3.sbs
215147,611systems.com
215148,6566.global
215149,6566s4.com
215150,65x.zone
215151,662bet.net
215152,663bet.vip
215153,663bet.win
215154,666d2.com
215155,666p1.com
215156,66lotterym.com
215157,66lotterymxhr.com
215158,66x666.com
215159,66zz9.com
215160,6777cx.com
215161,678bd.org
215162,688s11.com
215163,688v.plus
215164,69.com.py
215165,6gneverir.com
215166,6i4s3t.com
215167,6rachwev.com
215168,6thwin.com
221207,6seconds.org
221966,601m.lol
222314,666d.casino
222895,6sigma.us
223579,666y.casino
225987,6392042.com
227363,60.in-addr.arpa
227873,601m.team
227946,693889182.com
232038,69bookwang.com
232344,62info.ru
233946,6my575.com
234218,6197.casino
238450,650927ca6a.com
239443,6102.casino
239781,66rpg.com
241684,666666999999999.com
242451,645781.xyz
242566,68design.net
243842,6525.casino
244162,69games.xxx
244266,64356.com
245284,6229.casino
245319,600zz.com
248159,602m.lol
248483,6lgx.com
248750,6922.casino
249975,666k.casino
250550,6848.casino
251634,6558.casino
251722,6casino.click
253590,6to23.com
254006,698.casino
254884,6754495.com
256248,6752.casino
257032,62728.net
258047,6zzz.casino
258365,6bdns.com
259615,666casino.com
261556,669mu8lwh2axvjwxj6xt5d.com
261557,67wook.com
262605,67sook.com
263160,67ab014a2e3431a254fad1f7.click
263313,667sook.com
263452,655sook.com
263457,6moons.com
263793,642p.com
264379,6ixty8ight.com
264632,6262.casino
265710,65zw.net
266318,650f.bike
266683,6651.casino
267388,60114880.xyz
269628,66girls.co.kr
271470,64k.casino
272328,614now.com
275292,6imqc.top
276381,6ix.com
276907,62xs8.com
276955,61.com.tw
278384,6amtech.com
278436,6122.casino
280068,6bnw.top
281964,65porntube.com
282006,6ppxs.com
282557,675m.com
282589,60114972.xyz
285563,63sats.com
286226,6551.io
286227,68m2yk079ez.com
286228,6isthe6.org
287617,6401.casino
288886,6v4.work
289430,6pn.dev
289516,61ex.casino
290462,606m.casino
290997,6figr.com
292688,6598b2.com
292689,65x.city
292690,669win.com
292691,66lottery28.com
292692,66vip33.com
292693,674pf.com
292694,676bet01.com
292695,6777bet.win
292696,67f6.com
292697,67n27.com
292698,67n28.com
292699,67n31.com
292700,67n32.com
292701,688xt.cyou
292702,6bet.com
292703,6ee12.com
292704,6ee18.com
292705,6ee49.com
292706,6ee64.com
292707,6ee68.com
292708,6gram-pay.com
292709,6jgaming.bet
292710,6nxpwa.com
292711,6rr0059.com
292712,6rr0586.com
292713,6rr5140.com
292714,6rr5579.com
292715,6rr5898.com
292716,6sypwa.com
296870,6412.casino
297377,699bet.net
298611,64personality.com
302095,6-h-6-p.com
302121,6x.to
302364,68xbet.net
302670,6703.casino
303389,666kb.com
303406,654c.casino
304762,6050.casino
305316,64zan.ru
308256,67shu.net
309093,65novel.vip
309957,69zte.icu
310989,60plustreff.de
311532,67mnb.com
311757,6210.casino
311818,6relax.de
311906,600w.casino
313009,6xi.casino
313046,699dns.cc
313403,64z.casino
313666,6161.ru
314189,6tzen.fr
314351,666c.casino
318014,6iyw.com
319795,6211.casino
320048,65649796.com
320982,60plusmilfs.com
321579,67th.net
321765,6535cne.com
323510,6lwm.com
325883,6121.casino
326093,6262.com.ua
326256,680thefan.com
326404,6107.casino
327092,69sb.cc
328533,611.to
329023,633i.casino
330522,680.com
332841,6ldy.shop
333675,67cloud.help
334788,63k.casino
336229,639859.xyz
336599,66.ca
337348,62mania.com
337349,6733ww.com
337350,6md4.com
339858,6620.casino
340115,637c776880248f000163c8de.click
340212,6pmseason.com
342008,6xxfj.com
343449,6-r-t-r.com
343851,6tour.com
344647,62.ua
346410,6nn1.net
350822,6waves.com
351140,6080.casino
351461,6l8y.com
351692,6gf.casino
351700,603m.lol
352314,6j0liw0p.com
355669,6w9hps.com
356077,6949393020.com
356253,6566f3.com
358234,60-fps.org
358445,6154.casino
362148,633x.casino
362946,67q2.com
363663,6dollarshirts.com
364444,667wook.com
365766,6-elang.space
365767,6510-beauty.jp
365768,666betpriz.com
365769,66win.com.ph
365770,66y888.com
368573,617a.net
368753,6brothersimports.com
368861,6rtl.com
369152,604now.com
370880,6203.casino
372309,6202.casino
373097,6222.casino
373123,6784.casino
373278,67degreescdn.co.uk
373785,62imoveis.com.br
374794,69hao.com
375031,682007.xyz
375307,6rooms.com
376914,6xnxx.pro
377104,6wzdsf.ru
377764,6686.com
380221,665w.casino
380326,69x.casino
381715,66004.cn
381779,6tasy.com
382394,6389.casino
382411,6sk.casino
383146,6920.casino
383286,6565w.casino
383395,63t.casino
383641,6325.casino
385182,60114969.xyz
386349,61123.ru
387543,6am.es
388228,6park.com
389864,6931.casino
390118,60114970.xyz
390285,6bjjh1xndh.com
391510,6506.casino
391841,65yu.online
393850,66girls.com
395651,6531.casino
398164,6pzfwf.com
398171,66777799.com
398604,6479.casino
400032,67l.casino
400349,62ixppy9d1kl.com
402047,6169.casino
402450,6a.ro
402880,6gbet16.com
403305,67movies.net
403872,60pt.casino
404005,686.com
405052,6clicks.com
405223,60gs6zhh50fvjnlfy6.net
405620,65w.casino
406237,6core.net
407172,6enligne.net
407634,60114968.xyz
407709,6egame.com
408024,682001.xyz
409520,6gc.net
409914,682005.xyz
410735,6690.cm
412315,6137.net
413441,67n06.com
414393,69pornclips.com
415380,673k.casino
415444,660citynews.com
415962,666mgsu.com
416022,666mgzv.com
417177,6bc.us
417983,6066gmcclub.com
418718,667bet.net
419324,67tx.com
419806,682004.xyz
419888,667bet.app
420062,60114838.xyz
420732,66girls.us
420778,6926.casino
421201,655bet.app
423196,666win222.com
423291,69games.cz
423845,6thsensefishing.com
423873,68kmla.org
423961,62.net
425573,6340.casino
425850,629957.xyz
426807,66163.com
427796,63n.casino
427994,64bitswebhosting.eu
428863,69hub.pl
430320,62slot.casino
430482,61admin.ru
431157,68eg.com
432450,6connex.com
432620,614w.casino
434158,64parishes.org
435026,6b6t.org
435398,6ave.com
435507,6133.casino
436616,6tor.org
439469,668697.com
441284,6pr.com.au
441549,6s.game
442439,6492394993.com
445199,665x.casino
446305,699.casino
447087,65rosesgolfclassic.org
447330,6s83mz9kbtrj.com
447973,666mgqw1.com
448786,60porn.net
449065,618cloud.net
449159,6do.world
450204,6668dns.com
452918,64kib.com
456101,655wook.com
456495,6565z.casino
456507,6thgenaccord.com
459574,66health.net
459590,60114971.xyz
460479,67856789.com
461147,666mgko6.com
461914,6gbet.com
463681,617api.com
464491,69dv.com
465590,6x6x.casino
465909,6cdn.net
466140,69520.com
466583,6kea.com
467657,612.com
468105,666mgu8.com
469492,666s.casino
469691,6i-misdns.net
470558,60secondstonapoli.de
470566,616x.casino
471190,6a6a.net
471571,6ddatahk.org
472244,67888.com
472578,61x.casino
473713,6385737.ru
473743,616api.com
474470,6fn.casino
474911,676x.casino
474947,6216.casino
475945,61ct.casino
476024,6120.casino
476139,6738.casino
478037,6358.casino
478173,666mgb3.com
478933,6230.casino
479360,602.cz
481193,6509.casino
485677,650e.casino
485684,6655.la
485711,666mgcp8.com
486076,6321.casino
486116,615.cn
487634,6jqqsic4.com
489587,622w.casino
489789,675.cc
489852,66v.casino
490284,66dpw.vip
490557,6782.casino
490684,63ab07717ab2c30001333240.click
491837,6ddatahk.co
492472,632sp.casino
493285,6781.casino
493300,64pokupki.ru
493691,6010.casino
494442,6navi.ch
494980,6522.casino
495058,61k.casino
495481,606x.casino
495839,6-6.com.ua
495983,6v520.cc
497891,6504.casino
498607,615i.casino
500301,6ddatahk.net
500511,67telecom.net.br
502783,64online.jp
503147,6235.casino
503984,68sms.com
504751,6wtx.com
505859,64casino.top
506029,62casino.top
506668,6i7y3i.ru
507049,66batman.com
507349,668891.net
508428,69k.casino
510414,64x.casino
511101,6df.casino
511829,67o.casino
511837,610t.casino
512687,6buses.com
512814,6-china.com
515652,6ddatahk.blog
517469,60114967.xyz
518101,65central.com
518627,6529.io
518680,6ne.casino
518874,6039.casino
518940,68y.casino
518983,6220.casino
519626,68jmw.com
519861,66proxymity88.net
519863,60d.casino
520259,6324.casino
520290,6ck3.casino
520383,6111.casino
520761,620ckrm.com
521049,6845.casino
521254,6523.casino
522064,6win.casino
522176,683953.com
523797,6nm.casino
524453,6320.casino
525877,6u1ywdmf33.com
526828,6021.casino
527063,6pk365.com
530314,6casino.best
530545,6912044.cc
531941,6g72700l.com
532192,6media.me
533214,654host.ro
533281,61n.casino
533835,614n.casino
534208,6wild.casino
534871,6fk.casino
535316,688n.casino
535524,6119.casino
535541,68pk10.com
537213,6glatop.xyz
538341,66f.casino
539777,6z5z.com
540582,638278.xyz
540583,655665.xyz
540584,65ox70wr.xyz
540585,666291.xyz
540586,666981.xyz
540587,676768.xyz
540588,6jeutzyx2b5.com
540589,6rnuspdot.xyz
543043,63dy.shop
543062,637e3634c5.com
543063,6f0247be0c.com
543839,60114941.xyz
544660,69novels.com
546220,60114949.xyz
547371,6204.casino
548112,62u.casino
548705,6ddatahk.biz
550285,61135785.com
552082,6parkbbs.com
552193,6640s.casino
552526,6beizir.cn
553214,659l.casino
554877,651.casino
555129,63o9xw85.com
555998,6ixice.com
556100,6264.com.ua
556350,6ip.us
557829,682002.xyz
558327,69story.com
558665,61x.buzz
559687,60114933.xyz
559737,60114903.xyz
560350,60pg0136.cc
560863,6q.io
561089,6336.casino
561679,6678bet.cc
561870,666forum.com
561891,662b2wzo.org
562707,6l777.app
564614,6079.casino
565391,6gbetpay.com
565731,6jx6np-ntvr6a.com
566381,6599.casino
567085,67bet.com
568615,666x.casino
569803,660i.com
569814,6e-forum.de
571591,6oh.cn
572143,63jili-8.com
572700,6666sa.com
572840,6ddatahk.life
573825,6ddatahk.club
574501,6350.casino
574866,6wahackmelane.com
576791,66ok.club
577241,60win-8.com
577355,67uhm4x.me
578603,69zww.com
581482,67uj.casino
581511,6ddatahk.vip
583246,6kek21.com
584464,69h.pw
584558,62yun.ru
585086,6xiu.com
585194,630zw.cc
587133,601big.com
587425,606pub.com
588213,6hhwin.com
589185,682008.xyz
591112,67dyk.com
591343,6tu4ka.ru
591983,613montreal.com
592208,682003.xyz
593229,6love.ch
593429,6packrick.com
594816,60web.com
595455,6ocity.net
596554,6tm.es
596978,666h555.com
596979,667bet.com
596980,669bet.com
596981,66gg55.com
596982,66pk365.com
596983,6777cb.com
596984,6777sx.com
596985,67bet35.com
596986,69hnovel.com
596987,6kiom.com
596988,6mm88.com
601521,64labs.com
604703,66r.casino
607198,6book.net
607374,6pzftj.com
607375,6temti.ca
607376,6u2ylu2s.com
608028,6350.top
609389,630kan.org
610766,656c797369756d.app
614333,64clouds.com
614755,61flash.com
615831,6sg6zd7e.com
616406,617.casino
617561,6p-misdns.net
617880,620720.xyz
619071,68ninecasino35.com
619696,60secondsnow.com
621259,668dns.top
625953,68xbr.com
627850,68win10.com
628844,605137.com
629441,65x.world
630029,630read.cc
630217,6333.casino
631134,6bb.ru
631203,682006.xyz
631333,6arh.net
633329,6pp.com
634794,69shu.com
636217,6591.casino
636739,6141n.com
638772,600host.co.uk
639867,6gbet19.com
641059,6440949940.com
642077,6g6gbet.com
643686,665ch.cn
644063,6903.com
644475,668vq5jh.com
644710,6650dns.com
644821,6dg.co.uk
645175,6334.casino
646944,66.kiev.ua
649255,682010.xyz
650539,6md.ru
654553,6qcjyv64.com
654617,666d.com
654728,678bd.win
654729,688v.work
655093,6733aa.com
658620,6dp0i7.ru
660069,6928517.com
663454,64audio.com
663529,601bug.com
663661,6s6uum.com
663852,626cmj.cn
664611,6754.com.cn
666699,66soon.cn
668027,682011.xyz
669165,6ddatahk1.com
669700,671cy.com
670389,6hat.fr
670652,6chic.net
671777,600riders.com
672219,6sync.net
672726,65ws.com
672742,6888n.cn
674189,6734.casino
675055,69wincasino.net
675939,622coffee.com
677352,66688825.com
679600,69cgua.com
681201,69roadrunner.net
682486,66win-ph.com
683745,6pen.art
687272,66b.com
687650,6r.com
687779,636d.com
687780,6855xe.com
687781,6g6gab6.com
688987,6mbr.com
689680,6929183.com
690923,6249.casino
692315,6avenuetailor.com
693132,66689.com
693757,600xx.casino
695279,600rr.net
695771,6mature9.com
696386,617area.com
696704,612m.casino
696706,6gsa.com
696993,629630.xyz
697282,64dy.shop
698603,677.casino
699063,666-666.jp
699382,66bet3333.com
701873,6fktvqh4.cn
702340,6294.casino
702422,62xs.com
702491,637.net.cn
703242,666clouds.com
703243,68win43.com
703244,69x.me
703951,66zz1.com
707120,61baobao.com
707260,66game.cn
708773,6sicuro.it
712301,6pemenang77.net
712595,690333hi.app
712684,69teentube.com
713507,612356.ru
715238,6it.dev
715433,6games.eu
716894,6h39.com
717402,6today.de
718246,63m.top
718645,63d.casino
721381,66hub.com
722294,65x.casino
722961,622919a.buzz
723178,682009.xyz
724110,664c.buzz
724143,6ksgsgwp.com
724736,66813.cn
725204,69book.net
726333,6566.buzz
726334,666p.com
726335,67a67a.com
726336,6855o3.com
726337,68gbvn88.bar
726338,6conecta.com
726339,6gbet17.com
726340,6mn33z.com
730536,6355.casino
731294,6kxh62.com
735783,65228aa.app
736920,666d5.com
738806,673ing.com
739061,6nv37.casino
740324,66ouo.com
740753,6.dating
741347,666-wgame.com.pk
742011,67m.buzz
742555,63payment.xyz
742883,60-minut.org
743293,666pm.casino
743815,619064.com
745532,61626c.net
749445,6026bet.com
749446,6046bet.com
749447,607318.com
749448,609.com.tw
749449,60bibit777.buzz
749450,60byte.com
749451,60dating.com
749452,60fpsworld.com
749453,60maisdigital.com.br
749454,60slglibaj.com
749455,61-psp-gateway-8skqs.link
749456,610666.xyz
749457,611.games
749458,612.games
749459,615bet.fun
749460,615bet.win
749461,616.co.jp
749462,6163v8.com
749463,6167222.com
749464,6167333.com
749465,6167444.com
749466,616bet03.com
749467,616bet08.com
749468,616bet09.com
749469,617bet9.com
749470,6188a.com
749471,61t61t.com
749472,627348kk.com
749473,627brx.com
749474,62895xx.com
749475,6292aaa.com
749476,62berlian.com
749477,62hbu.com
749478,62hot7.com
749479,62sa3.com
749480,62tdg8fh.com
749481,62thu.com
749482,63158888.com
749483,6372nvw.com
749484,637yyt60.com
749485,639club103.cc
749486,639jl96.cc
749487,63b63b.com
749488,63ph.com.ph
749489,63ph33.com
749490,63ph89.com
749491,63php.com.ph
749492,63wan642.com
749493,63x.game
749494,63zrtp.com
749495,64.eu
749496,640tys.com
749497,6492iws.com
749498,64clit.com
749499,64dzrtd3s.com
749500,64ego777.com
749501,64personalities-lifepath.com
749502,64uzwervvhk.com
749503,654fgh.com
749504,655bet.com
749505,655bet35.com
749506,655bet43.com
749507,655bet45.com
749508,655bet46.com
749509,655bet5.com
749510,655hello.com
749511,6566.blog
749512,6566.fun
749513,6566.life
749514,6566.live
749515,6566.win
749516,6566.world
749517,6566fun7.com
749518,6566navi.com
749519,6566spin6.com
749520,6589xol.com
749521,65999.top
749522,659z0f.vip
749523,65feit6.com
749524,65m1rzyv.com
749525,65pluscontact.nl
749526,65sob99.com
749527,65ww5p.com
749528,65x.ai
749529,65x.asia
749530,65x.biz
749531,65x.fun
749532,65x.info
749533,65x.io
749534,65x.life
749535,65x.network
749536,65x.online
749537,65x.vip
749538,65xnavi.com
749539,65xshare.com
749540,65xvips.com
749541,65zrtp.com
749542,66-access.com
749543,6603379.com
749544,66111666.com
749545,6615d.com
749546,6615e.com
749547,6615e1.com
749548,6615g.com
749549,6615g1.com
749550,6615k.com
749551,6615k1.com
749552,6615z.com
749553,6615z1.com
749554,6632koq.com
749555,6632xkw.com
749556,66333366.com
749557,663app.com
749558,6666bb.app
749559,66688999.com
749560,666a8rc3plk9.com
749561,666ayofpoqx7.com
749562,666cuci.asia
749563,666cuci.fun
749564,666d0.com
749565,666d1.com
749566,666d3.com
749567,666d4.com
749568,666d6.com
749569,666d7.com
749570,666d8.com
749571,666d9.com
749572,666duf93.com
749573,666duuu.com
749574,666f.net.co
749575,666f9s.com
749576,666i.games
749577,666i3a.com
749578,666i3j.com
749579,666ih6.com
749580,666in05.com
749581,666in08.com
749582,666in22.com
749583,666inavi.com
749584,666lv.vip
749585,666p.com.pk
749586,666p0.com
749587,666p9.com
749588,666q789.com
749589,666u.games
749590,666ub.mx
749591,666ub.tw
749592,666w.com
749593,666w.io
749594,666w00.com
749595,666w22.com
749596,666w55.com
749597,666w66.com
749598,666w88.com
749599,666w99.com
749600,666y999.com
749601,666zk.link
749602,667bet43.com
749603,667bet45.com
749604,667bet46.com
749605,667hello.com
749606,667k.info
749607,668e.vip
749608,669bet.net
749609,669ozq.com
749610,66aa5gbet.com
749611,66bc.top
749612,66bhp.com
749613,66br.org
749614,66ca.top
749615,66dv.me
749616,66dv.vip
749617,66dv.xyz
749618,66ffsa.com
749619,66game.game
749620,66gg111.com
749621,66gg555.com
749622,66gt99.com
749623,66jin88.com
749624,66lottery0r54.com
749625,66lottery10.vip
749626,66lottery11.com
749627,66lottery9.vip
749628,66lotteryoll5.cc
749629,66lotterys767.cc
749630,66lotteryvnj5.com
749631,66lotteryzvop.com
749632,66manhua.cc
749633,66ouv5.com
749634,66poptig.com
749635,66r789.com
749636,66sdiaos.com
749637,66t.game
749638,66win33.com
749639,66win66.com
749640,66xplay.com
749641,66y.net
749642,66y5.com
749643,66z777.com
749644,66zh88.com
749645,66zz6.com
749646,66zz7.com
749647,66zz8.com
749648,67-hello.com
749649,673305.com
749650,6733bb.com
749651,6733cc.com
749652,6745a.com
749653,6774pqw.com
749654,6777bet0.com
749655,6777bet1.com
749656,6777sz.com
749657,678bd.com
749658,678bd.net
749659,678bd0.com
749660,678ex.click
749661,678mbf.com
749662,678rio.vip
749663,6794oec.com
749664,679king.com
749665,67bet43.com
749666,67bet45.com
749667,67bet46.com
749668,67betapp.com
749669,67f002.com
749670,67f011.com
749671,67f022.com
749672,67f033.com
749673,67f044.com
749674,67f33.com
749675,67f44.com
749676,67f55.com
749677,67f66.com
749678,67f77.com
749679,67frtp.com
749680,67mvip.com
749681,67n0.com
749682,67n1.com
749683,67n26.com
749684,67n34.com
749685,67ty57.com
749686,681042.com
749687,684game.com
749688,6850jhf.com
749689,6855.ch
749690,6855.la
749691,6855.li
749692,68551ds.com
749693,68559ax.com
749694,6855nic.com
749695,6855rtb.com
749696,6855u86.com
749697,685xjw.com
749698,686bet01.com
749699,686bet02.com
749700,687bet.win
749701,688s00.com
749702,688s02.com
749703,688s10.com
749704,688s33.com
749705,688sf2.com
749706,688sv.com
749707,688v.ai
749708,688v.art
749709,688v.buzz
749710,688v.cloud
749711,688v.co
749712,688v.info
749713,688v.life
749714,688v.one
749715,688v.online
749716,688v.org
749717,688v.site
749718,688v.space
749719,688v.top
749720,688v.zone
749721,688v1n.com
749722,688vnavi.com
749723,688xt.autos
749724,688xt.cc
749725,688xt.co
749726,688xt.com
749727,688xt.icu
749728,688xt.one
749729,688xt.online
749730,688xt.shop
749731,688xt.xyz
749732,688xvip.com
749733,68acesuper.vip
749734,68dvip.com
749735,68f12.com
749736,68g.vip
749737,68jl6.com
749738,68lucky.com
749739,68premios.com.br
749740,68q00.com
749741,68q77.com
749742,68q88.com
749743,68q99.com
749744,68s11.com
749745,68s33.com
749746,68u1.com
749747,68u11.com
749748,68u2.com
749749,68u9.com
749750,68win-game.vip
749751,68win12.com
749752,68wu94.com
749753,68x.bet
749754,68x.club
749755,68x.fun
749756,68x.games
749757,69-bgw.com
749758,69-psp-gateway-wn8xq.link
749759,691pqr.com
749760,6920puh.com
749761,694158.com
749762,6969-chat.tv
749763,699mb.com
749764,699win12.com
749765,69f69f.com
749766,69flower.kr
749767,69h69h.com
749768,69hvip.com
749769,69phwin.club
749770,69pjogo.com
749771,69q33.com
749772,69s.bet
749773,69shu.xyz
749774,69th33.com
749775,69thai44.com
749776,69thai66.com
749777,69thcs.com
749778,69vn1.com
749779,69vn15.com
749780,69vn18.com
749781,69vn20.com
749782,69xgh6rw.com
749783,6a7zxm6m5.com
749784,6ard2q.com
749785,6b5z6l2.com
749786,6bb333.com
749787,6bb55.com
749788,6c444.com
749789,6c9mi7.com
749790,6cazgk.com
749791,6cfvip.com
749792,6club.com
749793,6cn.co.il
749794,6crickets.com
749795,6csuvrfdh.com
749796,6cx0zs9.com
749797,6dewabola88.com
749798,6dksm.com
749799,6dlxvy58.com
749800,6dot50.com
749801,6e2uibwicvm.com
749802,6e419jsq.com
749803,6eewrnfjd7.com
749804,6eoz0.com
749805,6eusxtdtx7.com
749806,6ey3743.com
749807,6f2jr6k.com
749808,6f3gli54.com
749809,6fe8k5kd.com
749810,6fmqq.com
749811,6g2nqzgm5ec.com
749812,6g2u.co
749813,6g6gjogo.com
749814,6g6gpg.com
749815,6g6gwin.com
749816,6gbet12.com
749817,6gbet14.com
749818,6gi0df9n.com
749819,6gkkxgz3d7.com
749820,6gwedcbsmfw.com
749821,6gyfc3.com
749822,6hw072c.com
749823,6i14u7zc.com
749824,6ike0plu.com
749825,6ixbljod.com
749826,6jdah-2dajiji-dajij1.com
749827,6jhav64ha.com
749828,6jhkyq1kawm9.com
749829,6k-united.de
749830,6k1gq8dg.com
749831,6kph.motorcycles
749832,6l777.love
749833,6ld789.top
749834,6lg8d6.vip
749835,6loverummy.com
749836,6m7z1c62.com
749837,6mmoo.com
749838,6mr88.com
749839,6n26vs.com
749840,6nj37psr67.com
749841,6oayjq5h.com
749842,6obcy.org
749843,6oire58i.com
749844,6pay.top
749845,6pg6.vip
749846,6pp40.com
749847,6pp9i18.com
749848,6ppz2a5.com
749849,6q7f8.com
749850,6qhr9fm.com
749851,6rgre7h.com
749852,6rr33.com
749853,6rt375fld.com
749854,6s0gu6c0.com
749855,6sgg8og.com
749856,6sqr8d.com
749857,6svipc.com
749858,6svipi.com
749859,6svipq.com
749860,6t86e.com
749861,6tih8w.com
749862,6trgda.com
749863,6tt33.com
749864,6ttt88.com
749865,6ukwlw4km.com
749866,6uou86wg.com
749867,6vdyy.com
749868,6vkgmy49.com
749869,6vsavh3d.com
749870,6w65o.com
749871,6wicket.co
749872,6wickets.co
749873,6win598.com
749874,6x37se.vip
749875,6xbet77.net
749876,6xfun.com
749877,6xgame.com
749878,6xwfyd.com
749879,6y6y.bet
749880,6y6y.co
749881,6y6y1.com
749882,6y6y2.com
749883,6y8s27.com
749884,6ybx2h.com
749885,6yd9nv77.com
749886,6yjmtytk.com
749887,6ylq3.com
749888,6zsu72a.com
846843,60sec.site
847112,630xsw.com
847250,6286661.xyz
848246,6597822f9284e30001617c1c.click
848699,669090.com
850489,6huale.com
851889,6279.cn
853087,690333.app
857368,6206939.cc
857960,69av.one
858407,66691337.xyz
863247,63zfxelll6.net
865786,67tx.cn
866500,6dv.com
867604,6x6world.com
867957,68gb.space
868852,630wx.com
870272,620.casino
870693,666ws.com
871178,62win44.com
871179,6yzw.com
872025,66wc.com
873085,6894.casino
873164,66ss.org
875244,6617.com
875478,668ky.cc
877322,6346ejn.com
877469,65586026.com
877801,6459.casino
879093,6599sehtcdn.com
881572,6fys.com
884154,673shop.com
884235,6295-casino.cyou
884673,6030000.ru
885687,666n.casino
886065,6chat.org
886429,688v888.com
887227,6kcdn.com
890810,6tiku.com
892396,6789bet.biz
892512,652toys.ru
892810,688cdn.xyz
893597,630kan.com
893598,69pg0328.cc
894479,63cas.buzz
896108,6wunderkinder.com
896348,6atexasfootball.com
897494,654122.xyz
898402,6tm-magazine.com
901759,6indianxxx.com
905074,6hdy.shop
906115,67betpay.com
906480,655pay.cc
908780,667betpay.com
908786,6tuan.com
910329,69kshu.cc
910632,6river.org
910790,655bet30.com
912134,6dgs3h8w34jc.com
912253,656463.com
912423,622228.xyz
912424,6661231.xyz
912474,6432555.xyz
912995,6621268.com
914158,67bet30.com
915408,667bet30.com
915533,67betpay.cc
916620,678bd00.com
917653,67tool.com
918117,667pay.cc
918949,61win.com
922058,6degreeshosting.com
922667,666666.zip
922738,66291.com
922831,66pk8888.com
923243,60t.click
923596,68397.com
923631,6581.casino
924101,63edu.ru
924817,667bet.vip
924940,6movies.cfd
926646,6lib.ru
929278,6indianxxx.mobi
931166,602.com
934117,60.ru
934619,678bd.bet
935577,630zww.cc
936407,6noise730.xyz
937706,60sek.net
937847,62293369.com
938034,66lv.com
938039,67wine.com
938632,6629668.com
940994,6kh.net
941393,666ta.com
944204,6264.casino
944598,626.healthcare
944745,688288.com
946488,674x.casino
948200,6080xsjyy.com
949367,66colorful.com
950845,6miu.com
951821,6i.com.br
952423,663933.com
956269,61kids.com.cn
956384,675.casino
957067,683vidobet.com
959679,698faka.com
959693,66bmw.cn
959718,678job.com
961786,699334.xyz
962614,6dglobal.com
963399,6-3-6-w.com
964485,60m.casino
964756,62t7255t6k.com
964977,67cdn.co.uk
965626,64if88.com
965925,6lghtrr13tslzo7bpm.com
966090,6njhdf.com
966516,61king.com
966793,6jsqpc6.com
967984,66zhuang.com
968279,6080fw.com
970307,6397news.com
971711,6d5d.com
971928,674mq.casino
972273,66story.com
973444,61time.com
975556,666a.casino
976384,66unar.vip
976488,645123.com
977249,66bb.club
977519,66fcu.org
977771,61916.net.cn
979389,6profi-forum.com
979783,61info.cn
980006,69228.com
983934,666e.net
984649,61n.ru
985837,620studio.com
986112,67bricks.com
987564,6li.com
988148,6855.pro
988149,6b0ibns9.com
988150,6i72fq.com
989544,620wtmj.com
990139,619.casino
990849,630wang.cc
991465,6080aa.com
991573,6651149.com
992401,6pian.cn
992499,682684com-dhxl.top
992827,663229.com
992831,622225.xyz
993188,666fanhao.site
994167,626cdn.com
994520,69it.ru
996635,63x.casino
996724,6113181.ru
996833,68hongli.com
996987,6663.com
997165,696698.com
997166,6wm.top
998145,62.ru
998798,617cdn.com
